{
  "loss": [
    7.126765891909599,
    3.3914775140583515
  ],
  "eval_loss": [
    7.15494966506958,
    2.2138090001212225
  ],
  "learning_rate": [
    3.2000000000000005e-05,
    0.0
  ]
}