{
  "loss": [
    9.174561182657877,
    9.120723088582357
  ],
  "eval_loss": [
    10.297627449035645,
    10.154714584350586
  ],
  "learning_rate": [
    3e-06,
    6e-06
  ]
}